date,code,open,high,low,close,preclose,volume,amount,adjustflag,turn,tradestatus,pctChg,peTTM,pbMRQ,psTTM,pcfNcfTTM,isST
2017-06-01,sh.600000,12.7800,12.9700,12.6900,12.9200,12.8400,96217055,1235216032.0000,3,0.342364,1,0.623052,6.769340,1.037013,2.255830,-3.293370,0
2017-06-02,sh.600000,12.9300,13.0100,12.7400,12.8900,12.9200,80197701,1034450240.0000,3,0.285363,1,-0.232196,6.753622,1.034605,2.250592,-3.285723,0
2017-06-05,sh.600000,12.7900,12.8800,12.5100,12.8500,12.8900,75876475,963227280.0000,3,0.269987,1,-0.310318,6.732664,1.031394,2.243608,-3.275527,0
2017-06-06,sh.600000,12.8000,12.8400,12.6600,12.8000,12.8500,36104406,460469440.0000,3,0.128468,1,-0.389107,6.706467,1.027381,2.234878,-3.262781,0
2017-06-07,sh.600000,12.8100,12.9900,12.7800,12.8400,12.8000,64395191,827766624.0000,3,0.229134,1,0.312500,6.727425,1.030591,2.241862,-3.272978,0
2017-06-08,sh.600000,12.7600,12.8600,12.6700,12.8400,12.8400,48194843,615876304.0000,3,0.171489,1,0.000000,6.727425,1.030591,2.241862,-3.272978,0
2017-06-09,sh.600000,12.7900,13.2000,12.7700,12.9300,12.8400,114434319,1489264560.0000,3,0.407185,1,0.700936,6.774579,1.037815,2.257576,-3.295919,0
2017-06-12,sh.600000,12.9000,13.1400,12.7600,12.7800,12.9300,73931192,955965936.0000,3,0.263065,1,-1.160097,6.695988,1.025776,2.231386,-3.257683,0
2017-06-13,sh.600000,12.7800,12.7800,12.5600,12.5900,12.7800,52716070,665205808.0000,3,0.187577,1,-1.486695,6.596439,1.010525,2.198212,-3.209251,0
2017-06-14,sh.600000,12.6000,12.6400,12.3100,12.4600,12.5900,55306982,687620416.0000,3,0.196796,1,-1.032566,6.528326,1.000091,2.175514,-3.176114,0
2017-06-15,sh.600000,12.4100,12.4600,12.2800,12.3800,12.4600,37492860,462612624.0000,3,0.133409,1,-0.642054,6.486411,0.993670,2.161546,-3.155721,0
2017-06-16,sh.600000,12.3800,12.4600,12.2700,12.3500,12.3800,47351062,586081488.0000,3,0.168487,1,-0.242324,6.470693,0.991262,2.156308,-3.148074,0
2017-06-19,sh.600000,12.3600,12.4300,12.3000,12.4000,12.3500,32941278,407834848.0000,3,0.117213,1,0.404852,6.496890,0.995275,2.165038,-3.160820,0
2017-06-20,sh.600000,12.4100,12.4400,12.2200,12.2900,12.4000,44645196,548932352.0000,3,0.158858,1,-0.887094,6.439256,0.986446,2.145832,-3.132780,0
2017-06-21,sh.600000,12.4000,12.4000,12.2600,12.3400,12.2900,34000062,418820224.0000,3,0.120980,1,0.406836,6.465453,0.990459,2.154562,-3.145525,0
2017-06-22,sh.600000,12.3300,12.8400,12.2900,12.5700,12.3400,110259441,1392278624.0000,3,0.392330,1,1.863854,6.585960,1.008920,2.194720,-3.204153,0
2017-06-23,sh.600000,12.5500,12.6500,12.3600,12.6400,12.5700,68579079,858095952.0000,3,0.244021,1,0.556887,6.622636,1.014539,2.206942,-3.221997,0
2017-06-26,sh.600000,12.6400,12.8200,12.5500,12.6400,12.6400,60509162,766551264.0000,3,0.215306,1,0.000000,6.622636,1.014539,2.206942,-3.221997,0
2017-06-27,sh.600000,12.6400,12.7300,12.5300,12.7000,12.6400,46687475,589020016.0000,3,0.166125,1,0.474679,6.654073,1.019354,2.217418,-3.237291,0
2017-06-28,sh.600000,12.6600,12.9100,12.6000,12.7900,12.7000,75349557,963202800.0000,3,0.268112,1,0.708663,6.701227,1.026578,2.233132,-3.260232,0
2017-06-29,sh.600000,12.8100,12.8600,12.7000,12.7600,12.7900,38994542,497489968.0000,3,0.138752,1,-0.234556,6.685509,1.024170,2.227894,-3.252585,0
2017-06-30,sh.600000,12.7000,12.7300,12.5900,12.6500,12.7600,36566479,462244016.0000,3,0.130112,1,-0.862074,6.627875,1.015341,2.208688,-3.224546,0
2017-07-03,sh.600000,12.6400,12.6500,12.4700,12.5600,12.6500,38778949,486264672.0000,3,0.137985,1,-0.711456,6.580721,1.008118,2.192974,-3.201604,0
2017-07-04,sh.600000,12.5500,12.5800,12.4100,12.5500,12.5600,36659128,458434432.0000,3,0.130442,1,-0.079620,6.575481,1.007315,2.191228,-3.199055,0
2017-07-05,sh.600000,12.5000,12.6500,12.4700,12.6200,12.5500,26470507,332542464.0000,3,0.094188,1,0.557767,6.612157,1.012933,2.203450,-3.216899,0
2017-07-06,sh.600000,12.6200,12.7200,12.5100,12.6600,12.6200,37414241,471582096.0000,3,0.133129,1,0.316957,6.633115,1.016144,2.210434,-3.227095,0
2017-07-07,sh.600000,12.6200,12.6900,12.5500,12.6000,12.6600,24667294,311101536.0000,3,0.087772,1,-0.473929,6.601678,1.011328,2.199958,-3.211800,0
2017-07-10,sh.600000,12.5900,12.6400,12.5200,12.5300,12.6000,26411530,331940512.0000,3,0.093979,1,-0.555561,6.565002,1.005710,2.187736,-3.193957,0
2017-07-11,sh.600000,12.5100,12.9400,12.5100,12.8000,12.5300,96835349,1238626608.0000,3,0.344564,1,2.154832,6.706467,1.027381,2.234878,-3.262781,0
2017-07-12,sh.600000,12.8000,13.0600,12.7400,12.8600,12.8000,80469025,1039614032.0000,3,0.286328,1,0.468746,6.737903,1.032197,2.245354,-3.278076,0
2017-07-13,sh.600000,12.8200,13.2900,12.7700,13.2700,12.8600,110219238,1436784304.0000,3,0.392187,1,3.188187,6.952720,1.065105,2.316940,-3.382587,0
2017-07-14,sh.600000,13.3400,13.8000,13.3400,13.5900,13.2700,146865370,1991795312.0000,3,0.522583,1,2.411452,7.120382,1.090790,2.372812,-3.464156,0
2017-07-17,sh.600000,13.6200,14.0200,13.2800,13.7600,13.5900,178661221,2448349168.0000,3,0.635720,1,1.250920,7.209452,1.104434,2.402494,-3.507490,0
2017-07-18,sh.600000,13.6500,13.7200,13.4000,13.5500,13.7600,69895876,946717552.0000,3,0.248706,1,-1.526163,7.099424,1.087579,2.365828,-3.453960,0
2017-07-19,sh.600000,13.5600,13.7800,13.4800,13.6900,13.5500,66108709,900014400.0000,3,0.235231,1,1.033206,7.172776,1.098816,2.390272,-3.489647,0
2017-07-20,sh.600000,13.6700,13.7000,13.5300,13.6200,13.6900,40017492,544175216.0000,3,0.142392,1,-0.511320,7.136100,1.093197,2.378050,-3.471803,0
2017-07-21,sh.600000,13.6100,13.6300,13.3800,13.4500,13.6200,52272375,702999232.0000,3,0.185998,1,-1.248165,7.047030,1.079553,2.348368,-3.428470,0
2017-07-24,sh.600000,13.4500,13.7400,13.3600,13.6700,13.4500,65820954,892033680.0000,3,0.234207,1,1.635690,7.162297,1.097211,2.386780,-3.484549,0
2017-07-25,sh.600000,13.6200,13.7500,13.4100,13.5100,13.6700,58478099,795769072.0000,3,0.208079,1,-1.170445,7.078466,1.084368,2.358844,-3.443764,0
2017-07-26,sh.600000,13.4500,13.7000,13.3600,13.3800,13.5100,57495388,775489072.0000,3,0.204583,1,-0.962251,7.010354,1.073934,2.336146,-3.410626,0
2017-07-27,sh.600000,13.3800,13.4700,13.2800,13.3800,13.3800,33612097,449548320.0000,3,0.119600,1,0.000000,7.010354,1.073934,2.336146,-3.410626,0
2017-07-28,sh.600000,13.3700,13.4900,13.3000,13.4700,13.3800,24954961,334111568.0000,3,0.088796,1,0.672647,7.057509,1.081158,2.351860,-3.433568,0
2017-07-31,sh.600000,13.4500,13.5200,13.3100,13.3600,13.4700,45083081,602638880.0000,3,0.160417,1,-0.816634,6.999875,1.072329,2.332654,-3.405528,0
2017-08-01,sh.600000,13.4200,13.4900,13.3200,13.4300,13.3600,64198064,860914608.0000,3,0.228432,1,0.523957,7.036551,1.077947,2.344876,-3.423371,0
2017-08-02,sh.600000,13.4400,13.6000,13.3900,13.4400,13.4300,61644148,830433616.0000,3,0.219345,1,0.074455,7.041790,1.078750,2.346622,-3.425920,0
2017-08-03,sh.600000,13.4200,13.4200,13.0400,13.0800,13.4400,78581867,1036842144.0000,3,0.279613,1,-2.678569,6.853171,1.049855,2.283766,-3.334155,0
2017-08-04,sh.600000,13.0900,13.1000,12.8500,12.8700,13.0800,63181971,818014672.0000,3,0.224817,1,-1.605505,6.743143,1.032999,2.247100,-3.280625,0
2017-08-07,sh.600000,12.8700,12.9500,12.8300,12.9300,12.8700,29528429,380518688.0000,3,0.105069,1,0.466204,6.774579,1.037815,2.257576,-3.295919,0
2017-08-08,sh.600000,12.9100,12.9300,12.8300,12.8700,12.9300,23570298,303469936.0000,3,0.083869,1,-0.464040,6.743143,1.032999,2.247100,-3.280625,0
2017-08-09,sh.600000,12.8400,12.8800,12.7500,12.7600,12.8700,32303821,413575792.0000,3,0.114945,1,-0.854698,6.685509,1.024170,2.227894,-3.252585,0
2017-08-10,sh.600000,12.7400,12.8800,12.7000,12.7900,12.7600,44056044,563372048.0000,3,0.156762,1,0.235108,6.701227,1.026578,2.233132,-3.260232,0
2017-08-11,sh.600000,12.7200,12.7300,12.4600,12.6800,12.7900,88890056,1118537328.0000,3,0.316292,1,-0.860044,6.643594,1.017749,2.213926,-3.232193,0
2017-08-14,sh.600000,12.6200,12.6300,12.5200,12.5600,12.6800,45562027,572465232.0000,3,0.162121,1,-0.946371,6.580721,1.008118,2.192974,-3.201604,0
2017-08-15,sh.600000,12.5800,12.7600,12.5600,12.5900,12.5600,62591905,792887776.0000,3,0.222717,1,0.238851,6.596439,1.010525,2.198212,-3.209251,0
2017-08-16,sh.600000,12.5600,12.5600,12.4700,12.4900,12.5900,33886531,423706576.0000,3,0.120576,1,-0.794284,6.544045,1.002499,2.180752,-3.183761,0
2017-08-17,sh.600000,12.4900,12.5500,12.4700,12.5300,12.4900,39091156,488847376.0000,3,0.139096,1,0.320256,6.565002,1.005710,2.187736,-3.193957,0
2017-08-18,sh.600000,12.5000,12.5700,12.4600,12.5100,12.5300,35976632,450071392.0000,3,0.128014,1,-0.159613,6.554524,1.004104,2.184244,-3.188859,0
2017-08-21,sh.600000,12.5000,12.5700,12.4600,12.5100,12.5100,33810237,422478336.0000,3,0.120305,1,0.000000,6.554524,1.004104,2.184244,-3.188859,0
2017-08-22,sh.600000,12.5100,12.5300,12.4100,12.4300,12.5100,58829999,731959984.0000,3,0.209331,1,-0.639488,6.512608,0.997683,2.170276,-3.168467,0
2017-08-23,sh.600000,12.4400,12.6600,12.4100,12.5700,12.4300,96871587,1215804704.0000,3,0.344693,1,1.126302,6.585960,1.008920,2.194720,-3.204153,0
2017-08-24,sh.600000,12.5800,12.6600,12.4500,12.4700,12.5700,62153175,779043376.0000,3,0.221156,1,-0.795540,6.533566,1.000894,2.177260,-3.178663,0
2017-08-25,sh.600000,12.4700,12.8000,12.4700,12.7800,12.4700,145590666,1842766912.0000,3,0.518047,1,2.485962,6.695988,1.025776,2.231386,-3.257683,0
2017-08-28,sh.600000,12.8300,12.9600,12.7500,12.8900,12.7800,104113170,1339965984.0000,3,0.370460,1,0.860725,6.753622,1.034605,2.250592,-3.285723,0
2017-08-29,sh.600000,12.8500,12.9800,12.7700,12.9600,12.8900,60063956,772995360.0000,3,0.213722,1,0.543054,6.790298,1.040223,2.262814,-3.303566,0
2017-08-30,sh.600000,12.9100,12.9800,12.8200,12.8700,12.9600,60479990,779708160.0000,3,0.215202,1,-0.694446,6.637344,1.012985,2.233046,-2.819094,0
2017-08-31,sh.600000,12.8300,12.8400,12.6500,12.7100,12.8700,44790313,570138144.0000,3,0.159375,1,-1.243200,6.554829,1.000392,2.205285,-2.784047,0
2017-09-01,sh.600000,12.6800,12.8700,12.6800,12.7700,12.7100,39264131,501796400.0000,3,0.139711,1,0.472073,6.585772,1.005114,2.215696,-2.797190,0
2017-09-04,sh.600000,12.7800,12.8400,12.6500,12.7800,12.7700,35667447,454951472.0000,3,0.126913,1,0.078303,6.883686,1.050582,2.315925,-2.923724,0
2017-09-05,sh.600000,12.7800,13.0900,12.7800,13.0300,12.7800,73493027,954528912.0000,3,0.261506,1,1.956182,7.018343,1.071133,2.361228,-2.980917,0
2017-09-06,sh.600000,12.9900,13.0500,12.9000,12.9600,13.0300,33823576,438219616.0000,3,0.120352,1,-0.537219,6.980639,1.065378,2.348543,-2.964903,0
2017-09-07,sh.600000,12.9400,13.0200,12.8200,12.8500,12.9600,38224782,494212416.0000,3,0.136013,1,-0.848763,6.921390,1.056336,2.328610,-2.939738,0
2017-09-08,sh.600000,12.8500,13.1200,12.8300,13.0300,12.8500,64778087,842285792.0000,3,0.230496,1,1.400773,7.018343,1.071133,2.361228,-2.980917,0
2017-09-11,sh.600000,13.1500,13.1500,12.9500,12.9900,13.0300,52234735,683194000.0000,3,0.185864,1,-0.306984,6.996798,1.067845,2.353980,-2.971766,0
2017-09-12,sh.600000,13.0000,13.0400,12.9100,13.0400,12.9900,51012322,661471546.0000,3,0.181514,1,0.384913,7.023730,1.071955,2.363041,-2.983205,0
2017-09-13,sh.600000,13.0100,13.0100,12.8600,12.8700,13.0400,31972897,412327510.0000,3,0.113767,1,-1.303681,6.932163,1.057980,2.332234,-2.944313,0
2017-09-14,sh.600000,12.8800,12.9800,12.8100,12.8500,12.8700,24160832,311079246.0000,3,0.085970,1,-0.155396,6.921390,1.056336,2.328610,-2.939738,0
2017-09-15,sh.600000,12.8200,12.8600,12.7500,12.8300,12.8500,24874312,318464945.0000,3,0.088509,1,-0.155646,6.910618,1.054692,2.324985,-2.935162,0
2017-09-18,sh.600000,12.8200,12.9600,12.8000,12.9100,12.8300,35747529,461032051.0000,3,0.127198,1,0.623538,6.953708,1.061268,2.339483,-2.953464,0
2017-09-19,sh.600000,12.9300,12.9500,12.8200,12.9000,12.9100,30170124,388627660.0000,3,0.107353,1,-0.077461,6.948322,1.060446,2.337670,-2.951176,0
2017-09-20,sh.600000,12.8800,12.9300,12.8300,12.8800,12.9000,19867148,255856510.0000,3,0.070692,1,-0.155035,6.937549,1.058802,2.334046,-2.946601,0
2017-09-21,sh.600000,12.8600,12.9500,12.8300,12.8700,12.8800,20140268,259643727.0000,3,0.071664,1,-0.077642,6.932163,1.057980,2.332234,-2.944313,0
2017-09-22,sh.600000,12.8400,12.9200,12.7900,12.8900,12.8700,24192687,311178548.0000,3,0.086083,1,0.155404,6.942935,1.059624,2.335858,-2.948889,0
2017-09-25,sh.600000,12.8900,12.9500,12.7100,12.9400,12.8900,50687628,650703773.0000,3,0.180359,1,0.387892,6.969867,1.063734,2.344919,-2.960327,0
2017-09-26,sh.600000,12.8900,12.9300,12.8500,12.8600,12.9400,22163311,285364898.0000,3,0.078862,1,-0.618237,6.926776,1.057158,2.330422,-2.942025,0
2017-09-27,sh.600000,12.8300,12.9100,12.7600,12.8500,12.8600,26374752,339097277.0000,3,0.093848,1,-0.077755,6.921390,1.056336,2.328610,-2.939738,0
2017-09-28,sh.600000,12.8500,12.8800,12.7700,12.8400,12.8500,24124934,309223171.0000,3,0.085842,1,-0.077823,6.916004,1.055514,2.326798,-2.937450,0
2017-09-29,sh.600000,12.8200,12.9100,12.8100,12.8700,12.8400,19822263,255341342.0000,3,0.070532,1,0.233643,6.932163,1.057980,2.332234,-2.944313,0
2017-10-09,sh.600000,13.2700,13.2900,13.0000,13.0400,12.8700,52149081,684274104.0000,3,0.185559,1,1.320902,7.023730,1.071955,2.363041,-2.983205,0
2017-10-10,sh.600000,13.0500,13.1000,12.9800,13.1000,13.0400,27493986,359114767.0000,3,0.097830,1,0.460126,7.056048,1.076887,2.373913,-2.996931,0
2017-10-11,sh.600000,13.0800,13.1100,13.0300,13.0600,13.1000,18706308,244440298.0000,3,0.066562,1,-0.305343,7.034502,1.073599,2.366665,-2.987780,0
2017-10-12,sh.600000,13.0500,13.0900,12.9700,13.0500,13.0600,17125284,223204024.0000,3,0.060936,1,-0.076571,7.029116,1.072777,2.364853,-2.985492,0
2017-10-13,sh.600000,13.0100,13.0800,12.9200,12.9400,13.0500,20857578,271308478.0000,3,0.074216,1,-0.842916,6.969867,1.063734,2.344919,-2.960327,0
2017-10-16,sh.600000,12.9800,13.0600,12.9400,13.0400,12.9400,23611164,307206532.0000,3,0.084014,1,0.772801,7.023730,1.071955,2.363041,-2.983205,0
2017-10-17,sh.600000,13.0400,13.0600,12.9400,12.9900,13.0400,14692320,190770505.0000,3,0.052279,1,-0.383437,6.996798,1.067845,2.353980,-2.971766,0
2017-10-18,sh.600000,12.9900,13.1000,12.9300,13.0700,12.9900,45458736,592125606.0000,3,0.161753,1,0.615858,7.039889,1.074421,2.368477,-2.990068,0
2017-10-19,sh.600000,13.0300,13.1600,12.9800,13.1300,13.0700,52881168,690607546.0000,3,0.188164,1,0.459070,7.072206,1.079353,2.379350,-3.003794,0
2017-10-20,sh.600000,13.0900,13.1000,13.0100,13.0100,13.1300,17228409,224781272.0000,3,0.061303,1,-0.913937,7.007571,1.069489,2.357604,-2.976341,0
2017-10-23,sh.600000,13.0200,13.0300,12.8300,12.8400,13.0100,31563834,406941717.0000,3,0.112312,1,-1.306688,6.916004,1.055514,2.326798,-2.937450,0
2017-10-24,sh.600000,12.8400,12.9500,12.8200,12.8600,12.8400,27236042,350864968.0000,3,0.096912,1,0.155759,6.926776,1.057158,2.330422,-2.942025,0
2017-10-25,sh.600000,12.8600,12.9400,12.8200,12.9000,12.8600,20743829,267109744.0000,3,0.073812,1,0.311042,6.948322,1.060446,2.337670,-2.951176,0
2017-10-26,sh.600000,12.8700,12.8800,12.7800,12.8200,12.9000,25275166,324110141.0000,3,0.089935,1,-0.620155,6.905231,1.053870,2.323173,-2.932875,0
2017-10-27,sh.600000,12.8500,12.9400,12.8200,12.8500,12.8200,32673820,420972314.0000,3,0.116261,1,0.234015,6.921390,1.056336,2.328610,-2.939738,0
2017-10-30,sh.600000,12.8400,12.8400,12.5900,12.7000,12.8500,74713617,947820344.0000,3,0.265849,1,-1.167320,6.863898,0.962145,2.264271,-2.002360,0
2017-10-31,sh.600000,12.6000,12.6600,12.5800,12.6100,12.7000,20120724,253737598.0000,3,0.071594,1,-0.708663,6.815256,0.955326,2.248225,-1.988170,0
2017-11-01,sh.600000,12.6300,12.7200,12.5300,12.5400,12.6100,35368712,446287606.0000,3,0.125850,1,-0.555113,6.777423,0.950023,2.235744,-1.977134,0
2017-11-02,sh.600000,12.5200,12.5700,12.4300,12.5300,12.5400,48267038,602955872.0000,3,0.171746,1,-0.079747,6.772019,0.949266,2.233962,-1.975557,0
2017-11-03,sh.600000,12.5300,12.6000,12.4300,12.5800,12.5300,32848169,411198265.0000,3,0.116882,1,0.399044,6.799042,0.953054,2.242876,-1.983440,0
2017-11-06,sh.600000,12.5600,12.5600,12.4500,12.4700,12.5800,20016827,249788208.0000,3,0.071225,1,-0.874401,6.739591,0.944720,2.223264,-1.966097,0
2017-11-07,sh.600000,12.4900,12.6000,12.4100,12.5400,12.4700,38677337,482986126.0000,3,0.137623,1,0.561345,6.777423,0.950023,2.235744,-1.977134,0
2017-11-08,sh.600000,12.5400,12.6800,12.4900,12.5800,12.5400,37134146,468242270.0000,3,0.132132,1,0.318979,6.799042,0.953054,2.242876,-1.983440,0
2017-11-09,sh.600000,12.5700,12.6300,12.5300,12.5500,12.5800,17463373,219541345.0000,3,0.062139,1,-0.238472,6.782828,0.950781,2.237527,-1.978710,0
2017-11-10,sh.600000,12.5400,12.6300,12.4600,12.6300,12.5500,49925359,626756843.0000,3,0.177647,1,0.637450,6.826065,0.956842,2.251791,-1.991324,0
2017-11-13,sh.600000,12.6500,12.8500,12.6300,12.8000,12.6300,78009337,996962275.0000,3,0.277576,1,1.346002,6.917944,0.969721,2.282100,-2.018127,0
2017-11-14,sh.600000,12.7600,12.7700,12.5800,12.6000,12.8000,33754928,426955935.0000,3,0.120108,1,-1.562499,6.809851,0.954569,2.246442,-1.986594,0
2017-11-15,sh.600000,12.6000,12.6300,12.5500,12.6000,12.6000,28076530,353327083.0000,3,0.099903,1,0.000000,6.809851,0.954569,2.246442,-1.986594,0
2017-11-16,sh.600000,12.5700,12.5700,12.3800,12.3900,12.6000,35680762,444238625.0000,3,0.126961,1,-1.666667,6.696354,0.938659,2.209001,-1.953484,0
2017-11-17,sh.600000,12.3800,12.8000,12.3800,12.7800,12.3900,109336535,1378873267.0000,3,0.389046,1,3.147695,6.907135,0.968205,2.278534,-2.014974,0
2017-11-20,sh.600000,12.7000,12.8600,12.6100,12.8500,12.7800,61495420,783077227.0000,3,0.218816,1,0.547736,6.944967,0.973509,2.291014,-2.026010,0
2017-11-21,sh.600000,12.8100,13.1700,12.7500,12.9400,12.8500,116179412,1512638142.0000,3,0.413394,1,0.700383,6.993609,0.980327,2.307060,-2.040200,0
2017-11-22,sh.600000,13.0000,13.4400,13.0000,13.2300,12.9400,114576266,1513356223.0000,3,0.407690,1,2.241113,7.150344,1.002297,2.358764,-2.085923,0
2017-11-23,sh.600000,13.2400,13.3200,12.9100,13.0600,13.2300,81912602,1076890039.0000,3,0.291465,1,-1.284952,7.058465,0.989418,2.328455,-2.059120,0
2017-11-24,sh.600000,13.1100,13.1800,12.9300,13.0900,13.0600,59612483,777699709.0000,3,0.212116,1,0.229707,7.074679,0.991691,2.333803,-2.063850,0
2017-11-27,sh.600000,13.0900,13.1200,12.8100,13.1000,13.0900,79250273,1028510255.0000,3,0.281992,1,0.076396,7.080083,0.992448,2.335586,-2.065427,0
2017-11-28,sh.600000,13.0300,13.0700,12.9200,12.9400,13.1000,34031908,441466983.0000,3,0.121094,1,-1.221380,6.993609,0.980327,2.307060,-2.040200,0
2017-11-29,sh.600000,12.9500,13.0400,12.8100,12.9400,12.9400,41846783,540439739.0000,3,0.148901,1,0.000000,6.993609,0.980327,2.307060,-2.040200,0
2017-11-30,sh.600000,12.9100,12.9500,12.8000,12.9100,12.9400,39916356,513785829.0000,3,0.142032,1,-0.231837,6.977395,0.978054,2.301711,-2.035470,0
2017-12-01,sh.600000,12.9300,12.9500,12.8100,12.9100,12.9100,38577445,496330241.0000,3,0.137268,1,0.000000,6.977395,0.978054,2.301711,-2.035470,0
2017-12-04,sh.600000,12.8700,12.9400,12.8400,12.9200,12.9100,36479233,470155474.0000,3,0.129802,1,0.077461,6.982800,0.978812,2.303494,-2.037047,0
2017-12-05,sh.600000,12.9200,13.2700,12.9100,13.1700,12.9200,123796797,1623138207.0000,3,0.440499,1,1.934985,7.117916,0.997752,2.348067,-2.076463,0
2017-12-06,sh.600000,13.1200,13.1600,12.9100,12.9600,13.1700,43564931,566372423.0000,3,0.155015,1,-1.594533,7.004418,0.981842,2.310626,-2.043354,0
2017-12-07,sh.600000,12.9500,13.0300,12.9100,12.9600,12.9600,34802229,451233524.0000,3,0.123835,1,0.000000,7.004418,0.981842,2.310626,-2.043354,0
2017-12-08,sh.600000,12.9800,12.9900,12.8700,12.9300,12.9600,31296221,404411517.0000,3,0.111360,1,-0.231479,6.988205,0.979569,2.305277,-2.038624,0
2017-12-11,sh.600000,12.9200,13.0400,12.8500,12.9700,12.9300,36649902,474566888.0000,3,0.130409,1,0.309358,7.009823,0.982600,2.312409,-2.044930,0
2017-12-12,sh.600000,12.9700,12.9700,12.7400,12.7500,12.9700,30370097,390113096.0000,3,0.108064,1,-1.696224,6.890921,0.965933,2.273185,-2.010244,0
2017-12-13,sh.600000,12.8000,12.8100,12.6300,12.7400,12.7500,19345338,246331123.0000,3,0.068835,1,-0.078433,6.885516,0.965175,2.271402,-2.008667,0
2017-12-14,sh.600000,12.7900,12.7900,12.6600,12.6900,12.7400,16141678,205219487.0000,3,0.057436,1,-0.392466,6.858493,0.961387,2.262488,-2.000784,0
2017-12-15,sh.600000,12.6900,12.7300,12.6100,12.6200,12.6900,16210108,205323767.0000,3,0.057679,1,-0.551613,6.820661,0.956084,2.250008,-1.989747,0
2017-12-18,sh.600000,12.7100,12.7100,12.6100,12.6500,12.6200,13445648,170140035.0000,3,0.047843,1,0.237716,6.836874,0.958357,2.255356,-1.994477,0
2017-12-19,sh.600000,12.6500,12.7600,12.6200,12.7500,12.6500,18399603,233884666.0000,3,0.065470,1,0.790517,6.890921,0.965933,2.273185,-2.010244,0
2017-12-20,sh.600000,12.7600,12.7600,12.6000,12.7300,12.7500,26639844,337603451.0000,3,0.094791,1,-0.156866,6.880112,0.964417,2.269619,-2.007090,0
2017-12-21,sh.600000,12.6700,12.7800,12.6000,12.7000,12.7300,21052388,267624195.0000,3,0.074909,1,-0.235662,6.863898,0.962145,2.264271,-2.002360,0
2017-12-22,sh.600000,12.6800,12.7200,12.6100,12.6200,12.7000,16076938,203468779.0000,3,0.057206,1,-0.629921,6.820661,0.956084,2.250008,-1.989747,0
2017-12-25,sh.600000,12.6100,12.6800,12.5600,12.5900,12.6200,19306662,243553698.0000,3,0.068698,1,-0.237716,6.804447,0.953811,2.244659,-1.985017,0
2017-12-26,sh.600000,12.5700,12.6600,12.5600,12.6400,12.5900,15225722,192219131.0000,3,0.054177,1,0.397142,6.831470,0.957599,2.253573,-1.992900,0
2017-12-27,sh.600000,12.6500,12.6600,12.5300,12.6200,12.6400,32731881,412197987.0000,3,0.116468,1,-0.158231,6.820661,0.956084,2.250008,-1.989747,0
2017-12-28,sh.600000,12.6000,12.6600,12.5300,12.5400,12.6200,23870824,300834017.0000,3,0.084938,1,-0.633914,6.777423,0.950023,2.235744,-1.977134,0
2017-12-29,sh.600000,12.5200,12.6200,12.5100,12.5900,12.5400,16351826,205752875.0000,3,0.058184,1,0.398726,6.804447,0.953811,2.244659,-1.985017,0
2018-01-02,sh.600000,12.6100,12.7700,12.6000,12.7200,12.5900,31323053,398614966.0000,3,0.111455,1,1.032566,6.874707,0.963660,2.267837,-2.005514,0
2018-01-03,sh.600000,12.7300,12.8000,12.6600,12.6600,12.7200,37839101,480954809.0000,3,0.134641,1,-0.471701,6.842279,0.959114,2.257139,-1.996054,0
2018-01-04,sh.600000,12.7000,12.7300,12.6200,12.6600,12.6600,27883804,353205838.0000,3,0.099217,1,0.000000,6.842279,0.959114,2.257139,-1.996054,0
2018-01-05,sh.600000,12.6700,12.7100,12.6200,12.6900,12.6600,31026744,393058250.0000,3,0.110401,1,0.236965,6.858493,0.961387,2.262488,-2.000784,0
2018-01-08,sh.600000,12.6900,12.7100,12.6300,12.6800,12.6900,31389887,397842209.0000,3,0.111693,1,-0.078797,6.861806,0.960630,2.207251,-1.999207,0
2018-01-09,sh.600000,12.6800,12.7400,12.6600,12.7000,12.6800,26215432,332848333.0000,3,0.093281,1,0.157725,6.872629,0.962145,2.210732,-2.002360,0
2018-01-10,sh.600000,12.7000,13.0900,12.6800,13.0200,12.7000,90679990,1174202006.0000,3,0.322661,1,2.519690,7.045798,0.986388,2.266435,-2.052814,0
2018-01-11,sh.600000,12.9500,13.0400,12.8700,12.9400,13.0200,37816412,489588906.0000,3,0.134560,1,-0.614446,7.002506,0.980327,2.252510,-2.040200,0
2018-01-12,sh.600000,12.9700,13.0000,12.9000,12.9100,12.9400,24203419,313215088.0000,3,0.086122,1,-0.231837,6.986271,0.978054,2.247287,-2.035470,0
2018-01-15,sh.600000,12.8800,13.0800,12.8500,13.0200,12.9100,61320680,796861091.0000,3,0.218194,1,0.852058,7.045798,0.986388,2.266435,-2.052814,0
2018-01-16,sh.600000,12.9700,13.0600,12.7800,12.9000,13.0200,74892652,963701144.0000,3,0.266486,1,-0.921665,6.980860,0.977297,2.245547,-2.033894,0
2018-01-17,sh.600000,12.9100,13.4200,12.8900,13.1000,12.9000,127132813,1675235171.0000,3,0.452369,1,1.550394,7.089090,0.992448,2.280361,-2.065427,0
2018-01-18,sh.600000,13.1400,13.2500,13.0500,13.2400,13.1000,111608076,1465159094.0000,3,0.397129,1,1.068698,7.164851,1.003055,2.304732,-2.087500,0
2018-01-19,sh.600000,13.3300,13.6100,13.1800,13.2400,13.2400,171648871,2300220633.0000,3,0.610768,1,0.000000,7.164851,1.003055,2.304732,-2.087500,0
2018-01-22,sh.600000,12.9300,13.1500,12.7100,12.7700,13.2400,272513808,3514775144.0000,3,0.969670,1,-3.549844,6.910510,0.967448,2.222917,-2.013397,0
2018-01-23,sh.600000,12.7500,12.9200,12.6800,12.9000,12.7700,217827457,2791828653.0000,3,0.775083,1,1.018004,6.980860,0.977297,2.245547,-2.033894,0
2018-01-24,sh.600000,12.9700,14.0000,12.8900,13.5700,12.9000,379653632,5099364114.0000,3,1.350900,1,5.193799,7.343432,1.028055,2.362176,-2.139530,0
2018-01-25,sh.600000,13.5400,13.7600,13.3600,13.6500,13.5700,176989631,2400208784.0000,3,0.629772,1,0.589535,7.386724,1.034116,2.376102,-2.152143,0
2018-01-26,sh.600000,13.6500,13.7200,13.3600,13.4100,13.6500,218419685,2954019925.0000,3,0.777190,1,-1.758240,7.256847,1.015934,2.334324,-2.114303,0
2018-01-29,sh.600000,13.4800,13.5300,13.3200,13.4600,13.4100,153783104,2065139247.0000,3,0.547198,1,0.372858,7.283905,1.019722,2.343028,-2.122187,0
2018-01-30,sh.600000,13.4500,13.4900,13.0900,13.1100,13.4600,107804018,1429924976.0000,3,0.383593,1,-2.600300,7.094502,0.993206,2.282102,-2.067004,0
2018-01-31,sh.600000,13.0500,13.1900,12.9800,13.1700,13.1100,117703264,1541960901.0000,3,0.418817,1,0.457669,7.126971,0.997752,2.292547,-2.076463,0
2018-02-01,sh.600000,13.1400,13.3300,12.9400,13.3000,13.1700,173573331,2289044601.0000,3,0.617616,1,0.987093,7.197321,1.007600,2.315176,-2.096960,0
2018-02-02,sh.600000,13.1900,13.1900,13.0100,13.1400,13.3000,71796780,941467191.0000,3,0.255470,1,-1.203006,7.110736,0.995479,2.287324,-2.071733,0
2018-02-05,sh.600000,13.0000,13.5400,12.9800,13.4900,13.1400,150149657,2006361757.0000,3,0.534269,1,2.663618,7.300139,1.021995,2.348250,-2.126917,0
2018-02-06,sh.600000,13.2900,13.5000,13.2000,13.4800,13.4900,244358992,3270199180.0000,3,0.869488,1,-0.074131,7.294728,1.021237,2.346509,-2.125340,0
2018-02-07,sh.600000,13.5800,13.9000,13.2400,13.4500,13.4800,200770115,2720519687.0000,3,0.714389,1,-0.222550,7.278493,1.018964,2.341287,-2.120610,0
2018-02-08,sh.600000,13.3400,13.4000,12.9500,13.1000,13.4500,109426872,1438198801.0000,3,0.389367,1,-2.602226,7.089090,0.992448,2.280361,-2.065427,0
2018-02-09,sh.600000,12.8900,12.9800,12.2400,12.7800,13.1000,149257356,1877264356.0000,3,0.531094,1,-2.442753,6.915922,0.968205,2.224658,-2.014974,0
2018-02-12,sh.600000,12.6600,12.6800,12.4300,12.4900,12.7800,64799197,811027710.0000,3,0.230571,1,-2.269170,6.758988,0.946235,2.174177,-1.969250,0
2018-02-13,sh.600000,12.5500,12.6800,12.5000,12.5100,12.4900,54900214,690054113.0000,3,0.195348,1,0.160132,6.769811,0.947750,2.177658,-1.972404,0
2018-02-14,sh.600000,12.5000,12.5500,12.3800,12.4600,12.5100,32597811,406060202.0000,3,0.115991,1,-0.399682,6.742753,0.943962,2.168954,-1.964520,0
2018-02-22,sh.600000,12.6000,12.6800,12.5300,12.6300,12.4600,42012285,529856471.0000,3,0.149490,1,1.364367,6.834749,0.956842,2.198547,-1.991324,0
2018-02-23,sh.600000,12.6600,12.7800,12.5900,12.7200,12.6300,38736515,491768409.0000,3,0.137834,1,0.712590,6.883452,0.963660,2.214213,-2.005514,0
2018-02-26,sh.600000,12.7700,12.8400,12.6100,12.7300,12.7200,48806055,620261080.0000,3,0.173664,1,0.078611,6.888864,0.964417,2.215954,-2.007090,0
2018-02-27,sh.600000,12.7500,12.7600,12.6100,12.6900,12.7300,48561087,615622149.0000,3,0.172792,1,-0.314218,6.867218,0.961387,2.208991,-2.000784,0
2018-02-28,sh.600000,12.6100,12.6600,12.4400,12.4600,12.6900,39888938,499258844.0000,3,0.141935,1,-1.812447,6.742753,0.943962,2.168954,-1.964520,0
2018-03-01,sh.600000,12.4000,12.5000,12.3800,12.4700,12.4600,34491031,429574072.0000,3,0.122727,1,0.080259,6.748165,0.944720,2.170695,-1.966097,0
2018-03-02,sh.600000,12.4000,12.4600,12.3600,12.4100,12.4700,23024132,285473130.0000,3,0.081925,1,-0.481158,6.715695,0.940174,2.160251,-1.956637,0
2018-03-05,sh.600000,12.4100,12.4800,12.3400,12.4200,12.4100,29343464,363849705.0000,3,0.104411,1,0.080582,6.721107,0.940932,2.161991,-1.958214,0
2018-03-06,sh.600000,12.4800,12.5100,12.3800,12.4900,12.4200,27222668,339015159.0000,3,0.096865,1,0.563605,6.758988,0.946235,2.174177,-1.969250,0
2018-03-07,sh.600000,12.5100,12.6000,12.4600,12.4900,12.4900,38817575,487036820.0000,3,0.138122,1,0.000000,6.758988,0.946235,2.174177,-1.969250,0
2018-03-08,sh.600000,12.5500,12.5500,12.4000,12.4700,12.4900,22164132,276013913.0000,3,0.078865,1,-0.160124,6.748165,0.944720,2.170695,-1.966097,0
2018-03-09,sh.600000,12.4900,12.5100,12.4200,12.4800,12.4700,23558287,293550899.0000,3,0.083826,1,0.080187,6.753576,0.945478,2.172436,-1.967674,0
2018-03-12,sh.600000,12.5300,12.5400,12.4600,12.5000,12.4800,25161821,314544074.0000,3,0.089532,1,0.160260,6.764399,0.946993,2.175917,-1.970827,0
2018-03-13,sh.600000,12.5000,12.5800,12.4300,12.4900,12.5000,25145000,314545358.0000,3,0.089472,1,-0.080002,6.758988,0.946235,2.174177,-1.969250,0
2018-03-14,sh.600000,12.4500,12.4500,12.3800,12.3900,12.4900,22804603,282970086.0000,3,0.081144,1,-0.800636,6.704872,0.938659,2.156769,-1.953484,0
2018-03-15,sh.600000,12.3500,12.4100,12.3400,12.3900,12.3900,17287774,213972089.0000,3,0.061514,1,0.000000,6.704872,0.938659,2.156769,-1.953484,0
2018-03-16,sh.600000,12.3600,12.4000,12.3000,12.3000,12.3900,26781399,330778426.0000,3,0.095295,1,-0.726394,6.656169,0.931841,2.141103,-1.939294,0
2018-03-19,sh.600000,12.3100,12.3300,12.2600,12.3100,12.3000,16896048,207819310.0000,3,0.060120,1,0.081303,6.661580,0.932599,2.142843,-1.940871,0
2018-03-20,sh.600000,12.2800,12.3900,12.2500,12.3200,12.3100,20672283,254187843.0000,3,0.073557,1,0.081229,6.666992,0.933356,2.144584,-1.942447,0
2018-03-21,sh.600000,12.3400,12.4000,12.2800,12.2900,12.3200,23878465,294872209.0000,3,0.084965,1,-0.243504,6.650757,0.931083,2.139362,-1.937717,0
2018-03-22,sh.600000,12.3500,12.3500,12.2500,12.2500,12.2900,22948484,281975042.0000,3,0.081656,1,-0.325468,6.629111,0.928053,2.132399,-1.931411,0
2018-03-23,sh.600000,12.0000,12.0600,11.6400,11.7100,12.2500,57106391,676679666.0000,3,0.203198,1,-4.408163,6.336889,0.887143,2.038399,-1.846271,0
2018-03-26,sh.600000,11.7100,11.7500,11.5000,11.6100,11.7100,36425054,422233460.0000,3,0.129609,1,-0.853974,6.282774,0.879567,2.020992,-1.830504,0
2018-03-27,sh.600000,11.7000,11.7700,11.5600,11.6200,11.6100,27332809,318586664.0000,3,0.097257,1,0.086135,6.288185,0.880325,2.022733,-1.832081,0
2018-03-28,sh.600000,11.5300,11.7500,11.5200,11.5700,11.6200,22911282,266121467.0000,3,0.081524,1,-0.430294,6.261128,0.876537,2.014029,-1.824198,0
2018-03-29,sh.600000,11.5700,11.7100,11.4500,11.6200,11.5700,33108805,383064999.0000,3,0.117809,1,0.432154,6.288185,0.880325,2.022733,-1.832081,0
2018-03-30,sh.600000,11.6300,11.6900,11.6100,11.6500,11.6200,23271965,270987701.0000,3,0.082807,1,0.258173,6.304420,0.882597,2.027955,-1.836811,0
2018-04-02,sh.600000,11.6800,11.8200,11.6500,11.7100,11.6500,27719599,325667590.0000,3,0.098633,1,0.515025,6.336889,0.887143,2.038399,-1.846271,0
2018-04-03,sh.600000,11.6600,11.6700,11.5400,11.5600,11.7100,18303514,211906876.0000,3,0.065128,1,-1.280953,6.255716,0.875779,2.012288,-1.822621,0
2018-04-04,sh.600000,11.6100,11.6500,11.5300,11.5300,11.5600,19637509,227689712.0000,3,0.069875,1,-0.259522,6.239482,0.873506,2.007066,-1.817891,0
2018-04-09,sh.600000,11.5300,11.5900,11.4900,11.5000,11.5300,16722481,192709506.0000,3,0.059503,1,-0.260188,6.223247,0.871233,2.001844,-1.813161,0
2018-04-10,sh.600000,11.5200,11.7900,11.5100,11.7700,11.5000,28748298,336076808.0000,3,0.102293,1,2.347830,6.369358,0.891688,2.048844,-1.855731,0
2018-04-11,sh.600000,11.7900,12.0200,11.7500,11.9100,11.7700,31298519,372471249.0000,3,0.111368,1,1.189459,6.445119,0.902295,2.073214,-1.877804,0
2018-04-12,sh.600000,11.9100,11.9600,11.7600,11.7800,11.9100,18824289,222769476.0000,3,0.066981,1,-1.091521,6.374770,0.892446,2.050584,-1.857307,0
2018-04-13,sh.600000,11.8300,11.8900,11.6900,11.6900,11.7800,14094853,166015524.0000,3,0.050153,1,-0.764008,6.326066,0.885628,2.034918,-1.843118,0
2018-04-16,sh.600000,11.8000,11.8000,11.5400,11.5500,11.6900,23720095,275070676.0000,3,0.084402,1,-1.197600,6.250305,0.875021,2.010548,-1.821044,0
2018-04-17,sh.600000,11.5600,11.7000,11.5500,11.5500,11.5500,25469983,296234022.0000,3,0.090628,1,0.000000,6.250305,0.875021,2.010548,-1.821044,0
2018-04-18,sh.600000,11.7500,11.7900,11.6600,11.7300,11.5500,26295275,308485462.0000,3,0.093565,1,1.558436,6.347712,0.888658,2.041881,-1.849424,0
2018-04-19,sh.600000,11.8000,11.8900,11.7600,11.8000,11.7300,16553270,195771190.0000,3,0.058901,1,0.596766,6.385593,0.893961,2.054066,-1.860461,0
2018-04-20,sh.600000,11.7400,11.7900,11.5700,11.6100,11.8000,18377407,213965166.0000,3,0.065391,1,-1.610174,6.282774,0.879567,2.020992,-1.830504,0
2018-04-23,sh.600000,11.5600,11.7500,11.5300,11.6000,11.6100,18181610,211046456.0000,3,0.064695,1,-0.086126,6.277362,0.878809,2.019251,-1.828928,0
2018-04-24,sh.600000,11.5600,11.7800,11.5600,11.7800,11.6000,23032861,269871844.0000,3,0.081956,1,1.551718,6.374770,0.892446,2.050584,-1.857307,0
2018-04-25,sh.600000,11.7100,11.7700,11.6500,11.6600,11.7800,16082634,188149247.0000,3,0.057226,1,-1.018675,6.309831,0.883355,2.029696,-1.838388,0
2018-04-26,sh.600000,11.7300,11.7800,11.5500,11.5700,11.6600,18205794,211987526.0000,3,0.064781,1,-0.771871,6.261128,0.876537,2.014029,-1.824198,0
2018-04-27,sh.600000,11.5800,11.6700,11.5500,11.6100,11.5700,23450783,272328553.0000,3,0.083444,1,0.345721,6.282774,0.879567,2.020992,-1.830504,0
2018-05-02,sh.600000,11.3300,11.3300,10.9700,11.0300,11.6100,69325684,769050164.0000,3,0.246678,1,-4.995693,5.984241,0.812838,1.958545,12.978691,0
2018-05-03,sh.600000,10.9900,11.0100,10.8300,10.9200,11.0300,34665572,378055362.0000,3,0.123349,1,-0.997277,5.924562,0.804732,1.939013,12.849257,0
2018-05-04,sh.600000,10.9100,10.9400,10.8000,10.8300,10.9200,22253089,241749748.0000,3,0.079182,1,-0.824177,5.875733,0.798099,1.923032,12.743357,0
2018-05-07,sh.600000,10.8200,10.8900,10.7600,10.8400,10.8300,27425378,297162770.0000,3,0.097586,1,0.092338,5.881158,0.798836,1.924808,12.755123,0
2018-05-08,sh.600000,10.8400,10.9700,10.8100,10.9500,10.8400,28796453,314537694.0000,3,0.102465,1,1.014757,5.940838,0.806943,1.944340,12.884557,0
2018-05-09,sh.600000,10.9500,11.0000,10.8900,10.9300,10.9500,18510621,202375456.0000,3,0.065865,1,-0.182644,5.929987,0.805469,1.940789,12.861024,0
2018-05-10,sh.600000,10.9800,11.0000,10.9100,10.9500,10.9300,16030500,175546224.0000,3,0.057040,1,0.182978,5.940838,0.806943,1.944340,12.884557,0
2018-05-11,sh.600000,11.0000,11.0100,10.9400,10.9500,10.9500,22015135,241676135.0000,3,0.078335,1,0.000000,5.940838,0.806943,1.944340,12.884557,0
2018-05-14,sh.600000,10.9700,11.0500,10.9600,11.0000,10.9500,23763310,261553535.0000,3,0.084556,1,0.456623,5.967965,0.810627,1.953219,12.943391,0
2018-05-15,sh.600000,11.0300,11.0500,10.8800,10.9900,11.0000,23548459,258018710.0000,3,0.083791,1,-0.090911,5.962540,0.809890,1.951443,12.931624,0
2018-05-16,sh.600000,10.9300,10.9600,10.8600,10.8700,10.9900,23580345,257351420.0000,3,0.083905,1,-1.091901,5.897435,0.801047,1.930135,12.790423,0
2018-05-17,sh.600000,10.8600,10.9100,10.8100,10.8300,10.8700,18474690,200668980.0000,3,0.065737,1,-0.367985,5.875733,0.798099,1.923032,12.743357,0
2018-05-18,sh.600000,10.8500,10.9000,10.8100,10.9000,10.8300,21717105,235717339.0000,3,0.077275,1,0.646350,5.913711,0.803258,1.935462,12.825724,0
2018-05-21,sh.600000,10.9800,10.9800,10.9000,10.9400,10.9000,23393724,255891648.0000,3,0.083241,1,0.366972,5.935413,0.806206,1.942565,12.872791,0
2018-05-22,sh.600000,10.9400,10.9500,10.8500,10.8800,10.9400,16014501,174138743.0000,3,0.056983,1,-0.548441,5.902860,0.801784,1.931911,12.802190,0
2018-05-23,sh.600000,10.8800,10.8900,10.7900,10.8000,10.8800,21194469,229712309.0000,3,0.075415,1,-0.735293,5.859457,0.795889,1.917705,12.708056,0
2018-05-24,sh.600000,10.8300,10.8400,10.7600,10.7900,10.8000,15229580,164430466.0000,3,0.054191,1,-0.092595,5.854031,0.795152,1.915930,12.696290,0
2018-05-25,sh.600000,10.8300,10.8300,10.6800,10.7100,10.7900,19016226,204634790.0000,3,0.067664,1,-0.741426,5.810628,0.789256,1.901725,12.602156,0
2018-05-28,sh.600000,10.7100,10.7900,10.6100,10.7600,10.7100,18370343,196979804.0000,3,0.065366,1,0.466855,5.837755,0.792941,1.910603,12.660990,0
2018-05-29,sh.600000,10.7000,10.7400,10.6100,10.6400,10.7600,16933980,180559166.0000,3,0.060255,1,-1.115241,5.772650,0.784098,1.889295,12.519789,0
2018-05-30,sh.600000,10.5600,10.6000,10.3900,10.4400,10.6400,32230788,338274421.0000,3,0.114685,1,-1.879706,5.664142,0.769359,1.853782,12.284455,0
2018-05-31,sh.600000,10.4600,10.6900,10.4600,10.5500,10.4400,45532670,480871723.0000,3,0.162016,1,1.053646,5.723821,0.777465,1.873314,12.413888,0
2018-06-01,sh.600000,10.6000,10.6900,10.5300,10.6800,10.5500,18365527,195167690.0000,3,0.065349,1,1.232229,5.794352,0.787045,1.896398,12.566856,0
2018-06-04,sh.600000,10.7600,10.8300,10.7000,10.7500,10.6800,16180325,174154210.0000,3,0.057574,1,0.655428,5.832330,0.792204,1.908827,12.649223,0
2018-06-05,sh.600000,10.7100,10.7500,10.6100,10.6600,10.7500,18692609,199025891.0000,3,0.066513,1,-0.837211,5.783501,0.785572,1.892846,12.543322,0
2018-06-06,sh.600000,10.6400,10.6400,10.5300,10.5500,10.6600,14983603,158227437.0000,3,0.053315,1,-1.031892,5.723821,0.777465,1.873314,12.413888,0
2018-06-07,sh.600000,10.5600,10.6600,10.5100,10.6200,10.5500,23355633,247771033.0000,3,0.083105,1,0.663504,5.761799,0.782624,1.885744,12.496256,0
2018-06-08,sh.600000,10.5500,10.5700,10.3700,10.4200,10.6200,27181997,283822904.0000,3,0.096720,1,-1.883237,5.653291,0.767885,1.850231,12.260921,0
2018-06-11,sh.600000,10.3800,10.4300,10.2800,10.4200,10.4200,18004293,186272758.0000,3,0.064064,1,0.000000,5.653291,0.767885,1.850231,12.260921,0
2018-06-12,sh.600000,10.4100,10.4100,10.3000,10.3500,10.4200,16085667,166400389.0000,3,0.057237,1,-0.671782,5.615313,0.762727,1.837801,12.178554,0
2018-06-13,sh.600000,10.3000,10.3300,10.1800,10.2100,10.3500,19961576,204624613.0000,3,0.071028,1,-1.352660,5.539357,0.752410,1.812942,12.013820,0
2018-06-14,sh.600000,10.1600,10.2600,10.1600,10.2200,10.2100,17557528,179339350.0000,3,0.062474,1,0.097945,5.544782,0.753147,1.814718,12.025587,0
2018-06-15,sh.600000,10.2200,10.3400,10.1900,10.3000,10.2200,19914990,204800278.0000,3,0.070862,1,0.782778,5.588186,0.759042,1.828923,12.119721,0
2018-06-19,sh.600000,10.2300,10.2400,9.8100,9.9200,10.3000,42988471,432159776.0000,3,0.152963,1,-3.689322,5.382020,0.731039,1.761448,11.672585,0
2018-06-20,sh.600000,9.9200,9.9800,9.8700,9.8900,9.9200,18915740,187504468.0000,3,0.067307,1,-0.302417,5.365743,0.728828,1.756121,11.637285,0
2018-06-21,sh.600000,9.8800,9.9800,9.7500,9.8300,9.8900,23636961,234236776.0000,3,0.084106,1,-0.606678,5.333191,0.724406,1.745467,11.566685,0
2018-06-22,sh.600000,9.8300,9.8300,9.6700,9.7600,9.8300,25040001,243586307.0000,3,0.089098,1,-0.712103,5.295213,0.719248,1.733038,11.484318,0
2018-06-25,sh.600000,9.7700,9.8200,9.5500,9.5600,9.7600,24244380,234851670.0000,3,0.086267,1,-2.049178,5.186704,0.704509,1.697524,11.248983,0
2018-06-26,sh.600000,9.6000,9.6000,9.3500,9.4800,9.5600,24424095,231698549.0000,3,0.086907,1,-0.836829,5.143301,0.698613,1.683319,11.154850,0
2018-06-27,sh.600000,9.4100,9.5300,9.3600,9.3700,9.4800,24913770,234831869.0000,3,0.088649,1,-1.160334,5.083621,0.690507,1.663787,11.025416,0
2018-06-28,sh.600000,9.3300,9.6100,9.3200,9.5000,9.3700,30741337,290768015.0000,3,0.109385,1,1.387408,5.154152,0.700087,1.686871,11.178383,0
2018-06-29,sh.600000,9.5600,9.6000,9.4500,9.5600,9.5000,19493546,185831802.0000,3,0.069363,1,0.631583,5.186704,0.704509,1.697524,11.248983,0
2018-07-02,sh.600000,9.5500,9.5500,9.2300,9.2900,9.5600,22669089,212743905.0000,3,0.080662,1,-2.824272,5.040218,0.684612,1.649582,10.931282,0
2018-07-03,sh.600000,9.2900,9.3800,9.2000,9.3500,9.2900,24123551,224816757.0000,3,0.085837,1,0.645860,5.072770,0.689033,1.660236,11.001882,0
2018-07-04,sh.600000,9.3400,9.4200,9.2800,9.3100,9.3500,14464777,135000876.0000,3,0.051469,1,-0.427807,5.051069,0.686086,1.653133,10.954815,0
2018-07-05,sh.600000,9.2600,9.3500,9.2200,9.2600,9.3100,16495438,152978661.0000,3,0.058695,1,-0.537059,5.023942,0.682401,1.644255,10.895982,0
2018-07-06,sh.600000,9.3100,9.4300,9.1700,9.3700,9.2600,22594443,210564106.0000,3,0.080397,1,1.187901,5.083621,0.690507,1.663787,11.025416,0
2018-07-09,sh.600000,9.3700,9.6300,9.3700,9.6000,9.3700,22172565,212109327.0000,3,0.078895,1,2.454648,5.208406,0.707457,1.704627,11.296050,0
2018-07-10,sh.600000,9.6100,9.6500,9.5000,9.5700,9.6000,12402837,118668133.0000,3,0.044132,1,-0.312507,5.192130,0.705246,1.699300,11.260750,0
2018-07-11,sh.600000,9.3700,9.4400,9.3200,9.3800,9.5700,15203933,142450919.0000,3,0.054099,1,-1.985367,5.089047,0.691244,1.665563,11.037182,0
2018-07-12,sh.600000,9.4100,9.6100,9.3900,9.5700,9.3800,19704837,188206858.0000,3,0.070115,1,2.025582,5.192130,0.705246,1.699300,11.260750,0
2018-07-13,sh.600000,9.5700,9.5800,9.4600,9.4900,9.4700,15026339,142708347.0000,3,0.053467,1,0.211188,5.148726,0.699350,1.685095,11.166616,0
2018-07-16,sh.600000,9.5000,9.5400,9.3400,9.4100,9.4900,14414119,135697106.0000,3,0.051289,1,-0.842992,5.105323,0.693455,1.670890,11.072483,0
2018-07-17,sh.600000,9.4100,9.4800,9.3800,9.4400,9.4100,13713495,129512091.0000,3,0.048796,1,0.318807,5.121599,0.695666,1.676217,11.107783,0
2018-07-18,sh.600000,9.5100,9.6400,9.4800,9.5100,9.4400,18922700,180858003.0000,3,0.067332,1,0.741532,5.159577,0.700824,1.688646,11.190150,0
2018-07-19,sh.600000,9.6000,9.6200,9.5300,9.5600,9.5100,18360482,175909129.0000,3,0.065331,1,0.525764,5.186704,0.704509,1.697524,11.248983,0
2018-07-20,sh.600000,9.5600,9.9500,9.4700,9.8700,9.5600,33275650,325018010.0000,3,0.118403,1,3.242672,5.354892,0.727354,1.752570,11.613752,0
2018-07-23,sh.600000,9.9100,10.0300,9.7400,9.9600,9.8700,31484434,311612051.0000,3,0.112029,1,0.911856,5.403721,0.733986,1.768551,11.719652,0
2018-07-24,sh.600000,9.9800,10.1400,9.9700,10.0200,9.9600,36424560,365678865.0000,3,0.129607,1,0.602414,5.436274,0.738408,1.779205,11.790252,0
2018-07-25,sh.600000,10.1200,10.1200,9.9600,10.0200,10.0200,15889970,159153073.0000,3,0.056540,1,0.000000,5.436274,0.738408,1.779205,11.790252,0
2018-07-26,sh.600000,10.0700,10.0800,9.9500,9.9600,10.0200,15206330,151927483.0000,3,0.054108,1,-0.598807,5.403721,0.733986,1.768551,11.719652,0
2018-07-27,sh.600000,9.9600,10.0400,9.9300,9.9900,9.9600,12120067,121060815.0000,3,0.043126,1,0.301202,5.419997,0.736197,1.773878,11.754952,0
2018-07-30,sh.600000,9.9900,10.1600,9.9700,10.1300,9.9900,20096364,202566237.0000,3,0.071508,1,1.401405,5.495953,0.746514,1.798737,11.919686,0
2018-07-31,sh.600000,10.1200,10.2000,10.0000,10.1700,10.1300,18203008,184265064.0000,3,0.064771,1,0.394866,5.517655,0.749462,1.805839,11.966753,0
2018-08-01,sh.600000,10.2600,10.2700,9.9000,9.9100,10.1700,20741884,209512354.0000,3,0.073805,1,-2.556541,5.376594,0.730302,1.759672,11.660818,0
2018-08-02,sh.600000,9.9100,10.0300,9.6600,9.7900,9.9100,24483871,240792864.0000,3,0.087120,1,-1.210897,5.311489,0.721458,1.738365,11.519618,0
2018-08-03,sh.600000,9.7900,9.9800,9.7600,9.8300,9.7900,16997939,168026922.0000,3,0.060483,1,0.408580,5.333191,0.724406,1.745467,11.566685,0
2018-08-06,sh.600000,9.9700,10.0300,9.8700,9.9100,9.8300,17444492,173559265.0000,3,0.062072,1,0.813835,5.376594,0.730302,1.759672,11.660818,0
2018-08-07,sh.600000,9.9400,10.1200,9.9400,10.1100,9.9100,21784661,218926426.0000,3,0.077515,1,2.018162,5.485103,0.745040,1.795185,11.896153,0
2018-08-08,sh.600000,10.1500,10.1500,10.0100,10.0500,10.1100,13461992,135623302.0000,3,0.047901,1,-0.593467,5.452550,0.740619,1.784531,11.825553,0
2018-08-09,sh.600000,10.0000,10.1800,9.9900,10.1400,10.0500,17689853,179007673.0000,3,0.062945,1,0.895524,5.501379,0.747251,1.800512,11.931453,0
2018-08-10,sh.600000,10.1400,10.1400,10.0200,10.0700,10.1400,13172633,132643603.0000,3,0.046871,1,-0.690342,5.463401,0.742093,1.788083,11.849086,0
2018-08-13,sh.600000,10.0000,10.0600,9.9000,9.9800,10.0700,17927668,178552668.0000,3,0.063791,1,-0.893745,5.414572,0.735460,1.772102,11.743186,0
2018-08-14,sh.600000,9.9800,10.0700,9.9500,10.0600,9.9800,15868585,158997523.0000,3,0.056464,1,0.801612,5.457975,0.741356,1.786307,11.837319,0
2018-08-15,sh.600000,10.0600,10.0600,9.9000,9.9000,10.0600,14787033,147639905.0000,3,0.052616,1,-1.590465,5.371169,0.729565,1.757897,11.649052,0
2018-08-16,sh.600000,9.8700,10.1200,9.8400,10.0600,9.9000,24323652,243554060.0000,3,0.086549,1,1.616170,5.457975,0.741356,1.786307,11.837319,0
2018-08-17,sh.600000,10.1600,10.1600,9.9300,9.9800,10.0600,15090455,151684025.0000,3,0.053695,1,-0.795237,5.414572,0.735460,1.772102,11.743186,0
2018-08-20,sh.600000,10.1700,10.1700,10.0100,10.1500,9.9800,26975300,272534557.0000,3,0.095985,1,1.703408,5.506804,0.747988,1.802288,11.943220,0
2018-08-21,sh.600000,10.1800,10.2000,10.0900,10.1200,10.1500,19786535,200852851.0000,3,0.070405,1,-0.295564,5.490528,0.745777,1.796961,11.907920,0
2018-08-22,sh.600000,10.1200,10.1400,10.0000,10.0900,10.1200,11993541,120615691.0000,3,0.042676,1,-0.296440,5.474252,0.743566,1.791634,11.872619,0
2018-08-23,sh.600000,10.1300,10.1400,9.9800,10.0700,10.0900,15537812,156583263.0000,3,0.055287,1,-0.198221,5.463401,0.742093,1.788083,11.849086,0
2018-08-24,sh.600000,10.0600,10.4300,10.0200,10.3000,10.0700,32268837,330331268.0000,3,0.114820,1,2.284017,5.588186,0.759042,1.828923,12.119721,0
2018-08-27,sh.600000,10.3300,10.3500,10.2100,10.3300,10.3000,23266645,239467138.0000,3,0.082788,1,0.291260,5.604462,0.761253,1.834250,12.155021,0
2018-08-28,sh.600000,10.3000,10.3800,10.2500,10.3000,10.3300,14609685,150677769.0000,3,0.051985,1,-0.290414,5.588186,0.759042,1.828923,12.119721,0
2018-08-29,sh.600000,10.2900,10.3200,10.2600,10.3200,10.3000,10362000,106687297.0000,3,0.036871,1,0.194170,5.599036,0.760516,1.832474,12.143254,0
2018-08-30,sh.600000,10.3000,10.4100,10.1700,10.1700,10.3200,18621890,191336868.0000,3,0.066261,1,-1.453485,5.461027,0.726418,1.789310,29.094606,0
2018-08-31,sh.600000,10.1600,10.3600,10.1600,10.3300,10.1700,37311724,383679854.0000,3,0.132764,1,1.573253,5.546943,0.737847,1.817461,29.552338,0
2018-09-03,sh.600000,10.2700,10.3000,10.1700,10.2400,10.3300,14309539,146457275.0000,3,0.050917,1,-0.871250,5.498615,0.731418,1.801626,29.294864,0
2018-09-04,sh.600000,10.2100,10.4000,10.1800,10.3700,10.2400,16353060,168632347.0000,3,0.058188,1,1.269532,5.568422,0.740704,1.824498,29.666771,0
2018-09-05,sh.600000,10.3100,10.3700,10.1200,10.1200,10.3700,22729232,232884783.0000,3,0.080876,1,-2.410800,5.434178,0.722847,1.780513,28.951565,0
2018-09-06,sh.600000,10.1200,10.2300,10.1200,10.1400,10.1200,10546916,107317753.0000,3,0.037528,1,0.197633,5.444918,0.724275,1.784032,29.008781,0
2018-09-07,sh.600000,10.1500,10.2500,10.1200,10.1900,10.1400,8995716,91694437.0000,3,0.032009,1,0.493089,5.471766,0.727847,1.792829,29.151823,0
2018-09-10,sh.600000,10.1600,10.2300,10.1300,10.1800,10.1900,11822813,120376355.0000,3,0.042068,1,-0.098128,5.466397,0.727132,1.791070,29.123214,0
2018-09-11,sh.600000,10.2200,10.2700,9.9800,10.0200,10.1800,19689042,199401394.0000,3,0.070058,1,-1.571708,5.380481,0.715704,1.762919,28.665482,0
2018-09-12,sh.600000,9.9900,10.0700,9.9500,10.0400,10.0200,16506103,165231589.0000,3,0.058733,1,0.199596,5.391220,0.717133,1.766438,28.722699,0
2018-09-13,sh.600000,10.1700,10.3000,10.1100,10.2900,10.0400,29417198,300441533.0000,3,0.104674,1,2.490040,5.525464,0.734989,1.810423,29.437905,0
2018-09-14,sh.600000,10.3600,10.3600,10.2100,10.2600,10.2900,16450780,169083471.0000,3,0.058536,1,-0.291543,5.509355,0.732847,1.805145,29.352080,0
2018-09-17,sh.600000,10.2600,10.2800,10.1000,10.1500,10.2600,10535343,107339083.0000,3,0.037487,1,-1.072131,5.450288,0.724990,1.785792,29.037389,0
2018-09-18,sh.600000,10.1600,10.2600,10.0900,10.2600,10.1500,16684789,170045729.0000,3,0.059369,1,1.083750,5.509355,0.732847,1.805145,29.352080,0
2018-09-19,sh.600000,10.2800,10.2900,10.2000,10.2400,10.2600,18550643,190221692.0000,3,0.066008,1,-0.194936,5.498615,0.731418,1.801626,29.294864,0
2018-09-20,sh.600000,10.2600,10.2800,10.1800,10.2200,10.2400,16307051,166658023.0000,3,0.058024,1,-0.195308,5.487876,0.729990,1.798107,29.237647,0
2018-09-21,sh.600000,10.2400,10.4900,10.1500,10.4900,10.2200,37571431,388504217.0000,3,0.133688,1,2.641874,5.632859,0.749275,1.845611,30.010071,0
2018-09-25,sh.600000,10.3800,10.4700,10.3200,10.3500,10.4900,15879199,164580504.0000,3,0.056502,1,-1.334599,5.557682,0.739275,1.820980,29.609555,0
2018-09-26,sh.600000,10.3900,10.5600,10.3400,10.4100,10.3500,31175799,326010701.0000,3,0.110931,1,0.579705,5.589901,0.743561,1.831536,29.781204,0
2018-09-27,sh.600000,10.4500,10.4800,10.3800,10.4800,10.4100,24182714,252306120.0000,3,0.086048,1,0.672427,5.627489,0.748561,1.843852,29.981462,0
2018-09-28,sh.600000,10.4900,10.7500,10.4400,10.6200,10.4800,37430602,396863685.0000,3,0.133187,1,1.335881,5.702665,0.758561,1.868483,30.381978,0
2018-10-08,sh.600000,10.3900,10.4800,10.1500,10.1600,10.6200,41957276,432913252.0000,3,0.149294,1,-4.331450,5.455657,0.725704,1.787551,29.065998,0
2018-10-09,sh.600000,10.0800,10.2400,10.0700,10.1500,10.1600,23159026,234661842.0000,3,0.082405,1,-0.098427,5.450288,0.724990,1.785792,29.037389,0
2018-10-10,sh.600000,10.1400,10.2800,10.1300,10.1700,10.1500,18124701,184735118.0000,3,0.064492,1,0.197049,5.461027,0.726418,1.789310,29.094606,0
2018-10-11,sh.600000,10.0000,10.0500,9.7100,9.8000,10.1700,39056785,386778863.0000,3,0.138974,1,-3.638150,5.262347,0.699990,1.724213,28.036100,0
2018-10-12,sh.600000,9.9000,10.1000,9.8300,10.0300,9.8000,25145127,250805638.0000,3,0.089472,1,2.346934,5.385851,0.716418,1.764679,28.694090,0
2018-10-15,sh.600000,10.0500,10.1600,9.9700,10.0300,10.0300,13957844,140122866.0000,3,0.049665,1,0.000000,5.385851,0.716418,1.764679,28.694090,0
2018-10-16,sh.600000,10.0300,10.1900,9.9700,10.0500,10.0300,15308344,154272073.0000,3,0.054471,1,0.199406,5.396590,0.717847,1.768198,28.751307,0
2018-10-17,sh.600000,10.1800,10.3100,10.1400,10.2900,10.0500,26520895,271564080.0000,3,0.094368,1,2.388057,5.525464,0.734989,1.810423,29.437905,0
2018-10-18,sh.600000,10.3500,10.3500,10.1600,10.1900,10.2900,22403988,229432798.0000,3,0.079719,1,-0.971821,5.471766,0.727847,1.792829,29.151823,0
2018-10-19,sh.600000,10.2500,10.4300,10.0700,10.3800,10.1900,40331386,414893373.0000,3,0.143509,1,1.864578,5.573792,0.741418,1.826258,29.695380,0
2018-10-22,sh.600000,10.3200,10.7000,10.3200,10.6200,10.3800,47003409,497527573.0000,3,0.167250,1,2.312136,5.702665,0.758561,1.868483,30.381978,0
2018-10-23,sh.600000,10.6400,10.7000,10.4500,10.4500,10.6200,38089035,403493088.0000,3,0.135530,1,-1.600754,5.611380,0.746418,1.838574,29.895637,0
2018-10-24,sh.600000,10.5700,11.0500,10.5200,10.7400,10.4500,59165552,639391016.0000,3,0.210525,1,2.775119,5.767102,0.767132,1.889596,30.725277,0
2018-10-25,sh.600000,10.6000,10.8900,10.5400,10.8400,10.7400,36866593,393987422.0000,3,0.131180,1,0.931102,5.820800,0.774275,1.907190,31.011360,0
2018-10-26,sh.600000,10.8500,10.9800,10.7400,10.9200,10.8400,27519309,298733755.0000,3,0.097920,1,0.738007,5.863758,0.779989,1.921265,31.240226,0
2018-10-29,sh.600000,11.0800,11.1200,10.7100,10.7900,10.9200,35265959,385116491.0000,3,0.125485,1,-1.190477,5.793951,0.770703,1.898393,30.868318,0
2018-10-30,sh.600000,10.9300,11.0500,10.8900,10.9500,10.7900,33086049,363018055.0000,3,0.117728,1,1.482853,5.879867,0.782132,1.926544,31.326051,0
2018-10-31,sh.600000,10.9900,11.0300,10.8700,10.9800,10.9500,21737114,237583046.0000,3,0.077346,1,0.273970,5.799324,0.757521,1.892937,3.101736,0
2018-11-01,sh.600000,11.0500,11.0900,10.8600,10.8900,10.9800,23505322,257781673.0000,3,0.083638,1,-0.819665,5.751789,0.751312,1.877422,3.076312,0
2018-11-02,sh.600000,11.1000,11.2500,10.9400,11.1800,10.8900,47788920,530913675.0000,3,0.170045,1,2.662993,5.904959,0.771319,1.927417,3.158234,0
2018-11-05,sh.600000,11.1500,11.2500,11.0800,11.1400,11.1800,17012759,189481162.0000,3,0.060536,1,-0.357781,5.883832,0.768560,1.920521,3.146934,0
2018-11-06,sh.600000,11.1300,11.1500,11.0000,11.0300,11.1400,18422477,203565760.0000,3,0.065552,1,-0.987438,5.825733,0.760971,1.901557,3.115860,0
2018-11-07,sh.600000,11.0900,11.1000,10.8700,10.9000,11.0300,20843864,228836505.0000,3,0.074168,1,-1.178605,5.757070,0.752002,1.879146,3.079136,0
2018-11-08,sh.600000,11.0500,11.1000,10.9000,11.0600,10.9000,19991683,220506116.0000,3,0.071135,1,1.467897,5.841578,0.763040,1.906729,3.124335,0
2018-11-09,sh.600000,10.9900,11.0300,10.7000,10.7500,11.0600,25570050,277004944.0000,3,0.090984,1,-2.802897,5.677845,0.741653,1.853286,3.036763,0
2018-11-12,sh.600000,10.7700,10.9500,10.7500,10.8000,10.7500,27015827,292478247.0000,3,0.096129,1,0.465118,5.704253,0.745103,1.861906,3.050888,0
2018-11-13,sh.600000,10.6800,10.9000,10.6800,10.8200,10.8000,20708729,223541479.0000,3,0.073687,1,0.185181,5.714817,0.746483,1.865354,3.056537,0
2018-11-14,sh.600000,10.8700,10.8700,10.6800,10.7000,10.8200,17998183,193809658.0000,3,0.064042,1,-1.109056,5.651436,0.738204,1.844666,3.022639,0
2018-11-15,sh.600000,10.7200,10.8100,10.6500,10.7700,10.7000,16580059,178144575.0000,3,0.058996,1,0.654212,5.688408,0.743033,1.856734,3.042413,0
2018-11-16,sh.600000,10.7700,10.8500,10.7100,10.7600,10.7700,21394417,230509596.0000,3,0.076127,1,-0.092853,5.683126,0.742343,1.855010,3.039588,0
2018-11-19,sh.600000,10.8600,10.9000,10.7700,10.8800,10.7600,21384793,231999662.0000,3,0.076092,1,1.115241,5.746507,0.750622,1.875698,3.073487,0
2018-11-20,sh.600000,10.8700,10.8900,10.6500,10.6900,10.8800,21883780,234959214.0000,3,0.077868,1,-1.746328,5.646154,0.737514,1.842942,3.019814,0
2018-11-21,sh.600000,10.6100,10.7200,10.6100,10.6600,10.6900,16027458,170915676.0000,3,0.057030,1,-0.280634,5.630309,0.735444,1.837770,3.011339,0
2018-11-22,sh.600000,10.7300,10.7300,10.5700,10.6400,10.6600,14008305,148745106.0000,3,0.049845,1,-0.187613,5.619746,0.734064,1.834322,3.005689,0
2018-11-23,sh.600000,10.6000,10.6600,10.5000,10.5000,10.6400,14715010,155566104.0000,3,0.052360,1,-1.315793,5.545802,0.724405,1.810186,2.966141,0
2018-11-26,sh.600000,10.6600,10.6600,10.4300,10.5000,10.5000,14377396,151609376.0000,3,0.051158,1,0.000000,5.545802,0.724405,1.810186,2.966141,0
2018-11-27,sh.600000,10.5000,10.6100,10.4500,10.4900,10.5000,15084666,158853285.0000,3,0.053675,1,-0.095240,5.540520,0.723716,1.808462,2.963316,0
2018-11-28,sh.600000,10.5600,10.6200,10.5000,10.5800,10.4900,18339621,193914889.0000,3,0.065257,1,0.857962,5.588056,0.729925,1.823978,2.988740,0
2018-11-29,sh.600000,10.6400,10.7500,10.5400,10.6300,10.5800,20685685,220670065.0000,3,0.073605,1,0.472592,5.614464,0.733374,1.832598,3.002864,0
2018-11-30,sh.600000,10.6500,10.7500,10.6200,10.7100,10.6300,28572651,305468672.0000,3,0.101668,1,0.752586,5.656718,0.738894,1.846390,3.025463,0
2018-12-03,sh.600000,10.9900,11.0500,10.8400,11.0200,10.7100,43049070,472438382.0000,3,0.153179,1,2.894495,5.820451,0.760281,1.899833,3.113035,0
2018-12-04,sh.600000,11.0000,11.0800,10.9700,11.0800,11.0200,20811293,229713745.0000,3,0.074052,1,0.544460,5.852141,0.764420,1.910177,3.129985,0
2018-12-05,sh.600000,10.9900,11.1000,10.9600,11.0000,11.0800,25491217,281189602.0000,3,0.090704,1,-0.722021,5.809888,0.758901,1.896385,3.107385,0
2018-12-06,sh.600000,10.8200,10.9300,10.8200,10.9000,11.0000,23597997,256533148.0000,3,0.083967,1,-0.909094,5.757070,0.752002,1.879146,3.079136,0
2018-12-07,sh.600000,10.9400,11.0300,10.8800,10.8900,10.9000,10580550,115760323.0000,3,0.037648,1,-0.091736,5.751789,0.751312,1.877422,3.076312,0
2018-12-10,sh.600000,10.7700,10.9000,10.7700,10.8300,10.8900,15927563,172346141.0000,3,0.056674,1,-0.550968,5.720098,0.747172,1.867078,3.059362,0
2018-12-11,sh.600000,10.8400,10.9000,10.6900,10.7200,10.8300,17234222,185675067.0000,3,0.061324,1,-1.015694,5.662000,0.739583,1.848114,3.028288,0
2018-12-12,sh.600000,10.8900,10.8900,10.7000,10.7300,10.7200,12448791,134006589.0000,3,0.044296,1,0.093277,5.667281,0.740273,1.849838,3.031113,0
2018-12-13,sh.600000,10.7600,10.8600,10.7300,10.8000,10.7300,19792340,213866046.0000,3,0.070426,1,0.652383,5.704253,0.745103,1.861906,3.050888,0
2018-12-14,sh.600000,10.7400,10.8000,10.5900,10.6200,10.8000,24163831,257441060.0000,3,0.085981,1,-1.666670,5.609182,0.732684,1.830874,3.000039,0
2018-12-17,sh.600000,10.6500,10.7800,10.6200,10.7800,10.6200,19746228,211971706.0000,3,0.070262,1,1.506590,5.693690,0.743723,1.858458,3.045238,0
2018-12-18,sh.600000,10.6800,10.8200,10.5400,10.5700,10.7800,19451677,207318277.0000,3,0.069214,1,-1.948052,5.582774,0.729235,1.822254,2.985915,0
2018-12-19,sh.600000,10.5900,10.6500,10.5400,10.5400,10.5700,13603633,144342542.0000,3,0.048405,1,-0.283820,5.566929,0.727165,1.817082,2.977440,0
2018-12-20,sh.600000,10.5300,10.5900,10.1100,10.2500,10.5400,30069914,309207188.0000,3,0.106996,1,-2.751423,5.413759,0.707158,1.767086,2.895518,0
2018-12-21,sh.600000,10.2300,10.2400,10.0000,10.0700,10.2500,20885862,209975605.0000,3,0.074317,1,-1.756101,5.318688,0.694739,1.736055,2.844670,0
2018-12-24,sh.600000,9.9800,10.0400,9.8600,9.9100,10.0700,22779882,225706451.0000,3,0.081056,1,-1.588876,5.234181,0.683701,1.708471,2.799472,0
2018-12-25,sh.600000,9.7700,9.8600,9.6000,9.7900,9.9100,34810397,337985911.0000,3,0.123864,1,-1.210897,5.170800,0.675422,1.687783,2.765573,0
2018-12-26,sh.600000,9.8100,9.8800,9.6400,9.6700,9.7900,20569202,200359184.0000,3,0.073190,1,-1.225739,5.107419,0.667143,1.667095,2.731674,0
2018-12-27,sh.600000,9.7700,9.8000,9.6600,9.6600,9.6700,27347564,266280883.0000,3,0.097309,1,-0.103415,5.102138,0.666453,1.665371,2.728849,0
2018-12-28,sh.600000,9.7200,9.9500,9.7100,9.8000,9.6600,27404028,269118592.0000,3,0.097510,1,1.449279,5.176082,0.676112,1.689507,2.768398,0
2019-01-02,sh.600000,9.7400,9.7900,9.5800,9.7000,9.8000,23762822,229625669.0000,3,0.084554,1,-1.020412,5.123265,0.669213,1.672267,2.740149,0
2019-01-03,sh.600000,9.7000,9.8200,9.6600,9.8100,9.7000,18654262,181975985.0000,3,0.066376,1,1.134027,5.181363,0.676802,1.691231,2.771223,0
2019-01-04,sh.600000,9.7300,10.0000,9.7000,9.9600,9.8100,27172844,268964563.0000,3,0.096688,1,1.529048,5.228507,0.687150,1.704228,2.813596,0
2019-01-07,sh.600000,10.0900,10.0900,9.9200,9.9800,9.9600,23597376,235440197.0000,3,0.083965,1,0.200798,5.239006,0.688530,1.707650,2.819246,0
2019-01-08,sh.600000,10.0300,10.0300,9.9100,9.9600,9.9800,15104933,150501650.0000,3,0.053747,1,-0.200396,5.228507,0.687150,1.704228,2.813596,0
2019-01-09,sh.600000,10.0600,10.1600,9.9800,9.9900,9.9600,23163720,233890281.0000,3,0.082422,1,0.301202,5.244255,0.689220,1.709361,2.822071,0
2019-01-10,sh.600000,9.9400,10.0200,9.9200,9.9600,9.9900,15923566,158718755.0000,3,0.056660,1,-0.300298,5.228507,0.687150,1.704228,2.813596,0
2019-01-11,sh.600000,10.0300,10.1500,9.9600,10.0500,9.9600,19069069,191290102.0000,3,0.067852,1,0.903616,5.275752,0.693359,1.719628,2.839020,0
2019-01-14,sh.600000,10.0300,10.1000,10.0100,10.0600,10.0500,20352840,204659052.0000,3,0.072420,1,0.099505,5.281002,0.694049,1.721339,2.841845,0
2019-01-15,sh.600000,10.1000,10.1500,10.0500,10.1100,10.0600,15632125,158126136.0000,3,0.055623,1,0.497010,5.307249,0.697499,1.729894,2.855970,0
2019-01-16,sh.600000,10.1000,10.1500,10.0700,10.1300,10.1100,12988340,131354721.0000,3,0.046216,1,0.197828,5.317748,0.698879,1.733316,2.861620,0
2019-01-17,sh.600000,10.1700,10.2800,10.0700,10.1700,10.1300,22766048,232114667.0000,3,0.081007,1,0.394866,5.338746,0.701638,1.740161,2.872919,0
2019-01-18,sh.600000,10.2900,10.4400,10.2200,10.4300,10.1700,29087141,300979124.0000,3,0.103499,1,2.556541,5.475233,0.719576,1.784649,2.946366,0
2019-01-21,sh.600000,10.3600,10.4600,10.3000,10.3500,10.4300,18947789,196394076.0000,3,0.067421,1,-0.767018,5.433237,0.714057,1.770960,2.923767,0
2019-01-22,sh.600000,10.3800,10.3800,10.2300,10.2500,10.3500,16250557,167165417.0000,3,0.057823,1,-0.966187,5.380742,0.707158,1.753849,2.895518,0
2019-01-23,sh.600000,10.2900,10.3400,10.2500,10.2700,10.2500,16520327,170289907.0000,3,0.058783,1,0.195126,5.391241,0.708538,1.757271,2.901168,0
2019-01-24,sh.600000,10.3400,10.3900,10.2700,10.3800,10.2700,15006699,155265972.0000,3,0.053397,1,1.071077,5.448986,0.716127,1.776093,2.932242,0
2019-01-25,sh.600000,10.4500,10.5600,10.3800,10.5000,10.3800,19696587,206935398.0000,3,0.070085,1,1.156068,5.511980,0.724405,1.796626,2.966141,0
2019-01-28,sh.600000,10.5300,10.6600,10.3900,10.4200,10.5000,21769073,229185387.0000,3,0.077460,1,-0.761904,5.469984,0.718886,1.782938,2.943541,0
2019-01-29,sh.600000,10.3900,10.6300,10.3800,10.5800,10.4200,23768004,250301612.0000,3,0.084572,1,1.535507,5.553976,0.729925,1.810315,2.988740,0
2019-01-30,sh.600000,10.5900,10.6400,10.4700,10.5000,10.5800,16054256,169387635.0000,3,0.057125,1,-0.756143,5.511980,0.724405,1.796626,2.966141,0
2019-01-31,sh.600000,10.5900,10.7300,10.5100,10.7300,10.5000,25131034,267614893.0000,3,0.089422,1,2.190472,5.632719,0.740273,1.835981,3.031113,0
2019-02-01,sh.600000,10.8200,10.8200,10.6200,10.7700,10.7300,19119343,204604273.0000,3,0.068031,1,0.372795,5.653717,0.743033,1.842825,3.042413,0
2019-02-11,sh.600000,10.6200,10.7300,10.6200,10.7000,10.7700,20216568,215903077.0000,3,0.071935,1,-0.649960,5.616970,0.738204,1.830848,3.022639,0
2019-02-12,sh.600000,10.7100,10.7300,10.6300,10.7200,10.7000,16769601,179099038.0000,3,0.059670,1,0.186920,5.627469,0.739583,1.834270,3.028288,0
2019-02-13,sh.600000,10.7400,10.9300,10.6800,10.8600,10.7200,30248695,325845959.0000,3,0.107632,1,1.305964,5.700962,0.749242,1.858225,3.067837,0
2019-02-14,sh.600000,10.8500,10.9100,10.8000,10.8200,10.8600,19815286,215023175.0000,3,0.070508,1,-0.368324,5.679964,0.746483,1.851380,3.056537,0
2019-02-15,sh.600000,10.7800,10.8500,10.6600,10.6600,10.8200,17758789,190960435.0000,3,0.063190,1,-1.478742,5.595972,0.735444,1.824003,3.011339,0
2019-02-18,sh.600000,10.7500,10.8700,10.7000,10.8400,10.6600,20102219,217621153.0000,3,0.071529,1,1.688558,5.690463,0.747862,1.854803,3.062187,0
2019-02-19,sh.600000,10.8500,10.9600,10.7800,10.8000,10.8400,25952745,281465131.0000,3,0.092346,1,-0.369003,5.669465,0.745103,1.847958,3.050888,0
2019-02-20,sh.600000,10.9200,10.9200,10.8100,10.8300,10.8000,22286311,242111573.0000,3,0.079300,1,0.277775,5.685214,0.747172,1.853092,3.059362,0
2019-02-21,sh.600000,10.8300,10.9300,10.7500,10.7900,10.8300,25402390,275374197.0000,3,0.090388,1,-0.369344,5.664216,0.744413,1.846247,3.048063,0
2019-02-22,sh.600000,10.7600,11.0100,10.7600,11.0100,10.7900,25907438,281913760.0000,3,0.092185,1,2.038927,5.779705,0.759591,1.883891,3.110210,0
2019-02-25,sh.600000,11.0300,11.9500,11.0300,11.9200,11.0100,93712264,1075040678.0000,3,0.333451,1,8.265212,6.257410,0.822373,2.039598,3.367276,0
2019-02-26,sh.600000,11.9100,12.1500,11.6000,11.6500,11.9200,83643265,990289721.0000,3,0.297623,1,-2.265105,6.115673,0.803745,1.993399,3.291004,0
2019-02-27,sh.600000,11.7100,12.0700,11.6700,11.8300,11.6500,71201603,843023417.0000,3,0.253353,1,1.545067,6.210164,0.816163,2.024199,3.341852,0
2019-02-28,sh.600000,11.8300,11.9200,11.6800,11.7400,11.8300,39393414,464139463.0000,3,0.140171,1,-0.760779,6.162918,0.809954,2.008799,3.316428,0
2019-03-01,sh.600000,11.8100,12.0600,11.6000,12.0200,11.7400,63254621,747753342.0000,3,0.225075,1,2.385015,6.309905,0.829272,2.056709,3.395525,0
2019-03-04,sh.600000,12.1200,12.3800,11.9500,12.0200,12.0200,85024777,1030561509.0000,3,0.302539,1,0.000000,6.309905,0.829272,2.056709,3.395525,0
2019-03-05,sh.600000,12.0100,12.0400,11.8700,11.9800,12.0200,54564202,652552200.0000,3,0.194153,1,-0.332786,6.288907,0.826512,2.049865,3.384225,0
2019-03-06,sh.600000,11.9900,12.1500,11.8600,12.0200,11.9800,53693164,644243050.0000,3,0.191053,1,0.333898,6.309905,0.829272,2.056709,3.395525,0
2019-03-07,sh.600000,12.0300,12.0400,11.8700,11.8800,12.0200,52618824,628390863.0000,3,0.187231,1,-1.164728,6.236412,0.819613,2.032754,3.355976,0
2019-03-08,sh.600000,11.7200,11.7200,11.3600,11.5000,11.8800,52670531,609490591.0000,3,0.187415,1,-3.198654,6.036930,0.793396,1.967733,3.248630,0
2019-03-11,sh.600000,11.4400,11.5900,11.3600,11.4700,11.5000,39922020,457056506.0000,3,0.142052,1,-0.260867,6.021182,0.791327,1.962600,3.240156,0
2019-03-12,sh.600000,11.5900,11.6900,11.4000,11.4400,11.4700,52211807,602940683.0000,3,0.185782,1,-0.261558,6.005433,0.789257,1.957467,3.231681,0
2019-03-13,sh.600000,11.4100,11.5600,11.3000,11.4400,11.4400,41373014,472974759.0000,3,0.147215,1,0.000000,6.005433,0.789257,1.957467,3.231681,0
2019-03-14,sh.600000,11.4600,11.5800,11.4300,11.4600,11.4400,34337899,395468492.0000,3,0.122183,1,0.174829,6.015932,0.790637,1.960889,3.237331,0
2019-03-15,sh.600000,11.4700,11.6000,11.4300,11.4300,11.4600,33769320,388244487.0000,3,0.120159,1,-0.261778,6.000184,0.788567,1.955756,3.228856,0
2019-03-18,sh.600000,11.4500,11.6000,11.3700,11.5900,11.4300,43879562,503915219.0000,3,0.156134,1,1.399824,6.084176,0.799606,1.983133,3.274054,0
2019-03-19,sh.600000,11.6300,11.6700,11.5100,11.5500,11.5900,27500231,318521475.0000,3,0.097852,1,-0.345125,6.063178,0.796846,1.976289,3.262755,0
2019-03-20,sh.600000,11.5200,11.6400,11.4900,11.5500,11.5500,27325424,315587208.0000,3,0.097230,1,0.000000,6.063178,0.796846,1.976289,3.262755,0
2019-03-21,sh.600000,11.5600,11.5900,11.4400,11.4600,11.5500,35037035,403573243.0000,3,0.124670,1,-0.779222,6.015932,0.790637,1.960889,3.237331,0
2019-03-22,sh.600000,11.4900,11.5100,11.3100,11.3900,11.4600,35436446,403972783.0000,3,0.126091,1,-0.610818,5.979186,0.785807,1.948912,3.217556,0
2019-03-25,sh.600000,11.2800,11.2900,11.0100,11.0300,11.3900,57716577,642860108.0000,3,0.205370,1,-3.160673,5.790204,0.760971,1.887313,3.115860,0
2019-03-26,sh.600000,11.1100,11.1400,11.0300,11.0900,11.0300,30795722,341425280.0000,3,0.109579,1,0.543975,5.821701,0.737055,1.897579,8.100198,0
2019-03-27,sh.600000,11.1100,11.2400,11.0400,11.0800,11.0900,42124489,469246326.0000,3,0.149889,1,-0.090173,5.816451,0.736391,1.895868,8.092894,0
2019-03-28,sh.600000,11.0300,11.0500,10.9000,11.0300,11.0800,29296120,321585861.0000,3,0.104243,1,-0.451265,5.790204,0.733068,1.887313,8.056374,0
2019-03-29,sh.600000,10.9800,11.3000,10.9800,11.2800,11.0300,60526266,678436536.0000,3,0.215367,1,2.266546,5.921441,0.749683,1.930090,8.238975,0
